cc_num,fulltrj,resampling0,resampling8,resampling4,resampling5,resampling7,resampling3,resampling6,resampling2,resampling1,resampling9,mean_resamplings,median_resamplings,min_resamplings,max_resamplings,std_resamplings,sem_resamplings
1,15,15,15,15,15,15,15,15,15,15,15,15.0,15.0,15,15,0.0,0.0
2,11,10,11,10,11,11,11,11,10,11,11,10.7,11.0,10,11,0.48304589153964794,0.15275252316519464
3,7,7,7,6,7,7,7,7,7,7,7,6.9,7.0,6,7,0.3162277660168379,0.09999999999999999
4,5,5,5,5,5,5,5,5,5,5,5,5.0,5.0,5,5,0.0,0.0
5,4,4,5,5,4,5,4,4,5,4,5,4.5,4.5,4,5,0.5270462766947299,0.16666666666666666
