cc_num,fulltrj,resampling0,resampling8,resampling4,resampling5,resampling7,resampling3,resampling6,resampling2,resampling1,resampling9,mean_resamplings,median_resamplings,min_resamplings,max_resamplings,std_resamplings,sem_resamplings
1,17,16,17,17,16,16,20,21,19,19,21,18.2,18.0,16,21,2.043961295567452,0.6463573143221771
2,12,12,12,11,12,12,17,16,17,17,17,14.3,14.0,11,17,2.6687491868330797,0.8439325934114775
3,8,7,8,9,9,8,7,7,7,6,7,7.5,7.0,6,9,0.97182531580755,0.30731814857642953
4,7,7,7,7,7,7,5,5,5,5,5,6.0,6.0,5,7,1.0540925533894598,0.3333333333333333
5,5,5,5,5,5,5,5,5,5,5,5,5.0,5.0,5,5,0.0,0.0
