k,fulltrj,resampling0,resampling8,resampling4,resampling5,resampling7,resampling3,resampling6,resampling2,resampling1,resampling9,mean_resamplings,median_resamplings,min_resamplings,max_resamplings,std_resamplings,sem_resamplings
3,24,26,25,26,25,27,26,25,26,25,24,25.5,25.5,24,27,0.8498365855987975,0.26874192494328497
4,13,11,12,12,12,11,12,14,12,12,12,12.0,12.0,11,14,0.816496580927726,0.2581988897471611
5,5,4,5,5,5,4,5,4,5,5,5,4.7,5.0,4,5,0.48304589153964794,0.15275252316519466
