k,fulltrj,resampling0,resampling8,resampling4,resampling5,resampling7,resampling3,resampling6,resampling2,resampling1,resampling9,mean_resamplings,median_resamplings,min_resamplings,max_resamplings,std_resamplings,sem_resamplings
3,27,28,28,30,28,28,29,30,27,28,27,28.3,28.0,27,30,1.0593499054713802,0.334995854037363
4,24,26,26,23,25,26,25,25,27,27,27,25.7,26.0,23,27,1.2516655570345725,0.3958114029012639
5,22,21,18,23,22,20,21,24,19,19,18,20.5,20.5,18,24,2.068278940998476,0.6540472290116194
6,15,17,16,16,15,14,16,13,17,17,16,15.7,16.0,13,17,1.3374935098492586,0.42295258468165065
7,5,5,4,5,5,5,5,5,5,5,4,4.8,5.0,4,5,0.42163702135578385,0.13333333333333333
