k,fulltrj,resampling0,resampling8,resampling4,resampling5,resampling7,resampling3,resampling6,resampling2,resampling1,resampling9,mean_resamplings,median_resamplings,min_resamplings,max_resamplings,std_resamplings,sem_resamplings
3,28,28,29,28,27,30,28,31,29,30,29,28.9,29.0,27,31,1.1972189997378646,0.3785938897200182
4,26,26,22,24,25,23,26,23,25,26,22,24.2,24.5,22,26,1.6193277068654823,0.5120763831912405
5,10,10,11,11,11,10,10,9,10,10,11,10.3,10.0,9,11,0.674948557710553,0.21343747458109494
6,1,1,1,1,1,1,1,1,1,1,1,1.0,1.0,1,1,0.0,0.0
