k,fulltrj,resampling0,resampling8,resampling4,resampling5,resampling7,resampling3,resampling6,resampling2,resampling1,resampling9,mean_resamplings,median_resamplings,min_resamplings,max_resamplings,std_resamplings,sem_resamplings
3,28,29,30,29,30,30,29,32,29,29,29,29.6,29.0,29,32,0.9660917830792959,0.30550504633038933
4,29,28,29,29,28,29,29,28,28,28,29,28.5,28.5,28,29,0.5270462766947299,0.16666666666666666
5,22,22,21,22,23,21,21,22,22,22,20,21.6,22.0,20,23,0.8432740427115678,0.26666666666666666
6,17,18,17,18,16,16,18,17,18,18,17,17.3,17.5,16,18,0.8232726023485648,0.2603416558635552
7,5,5,5,5,6,6,5,6,5,5,5,5.3,5.0,5,6,0.48304589153964794,0.15275252316519466
