cc_num,fulltrj,resampling0,resampling8,resampling4,resampling5,resampling7,resampling3,resampling6,resampling2,resampling1,resampling9,mean_resamplings,median_resamplings,min_resamplings,max_resamplings,std_resamplings,sem_resamplings
1,58,44,52,77,75,55,77,56,77,76,50,63.9,65.5,44,77,13.568345514468595,4.290687590584987
2,19,33,19,11,11,21,11,19,11,11,19,16.6,15.0,11,33,7.167829363048327,2.2666666666666666
3,11,11,11,6,6,11,6,11,6,6,11,8.5,8.5,6,11,2.6352313834736494,0.8333333333333333
4,6,6,6,3,3,6,3,6,3,3,6,4.5,4.5,3,6,1.5811388300841898,0.5
5,3,3,6,3,3,3,3,3,3,3,6,3.6,3.0,3,6,1.2649110640673518,0.39999999999999997
