A,10,GLU,A,6,ARG,100.0
A,10,GLU,A,9,LYS,3.9735099337748347
A,25,GLU,A,15,LYS,0.6622516556291391
A,31,ASP,A,3,ARG,5.960264900662252
A,36,LYS,A,25,GLU,79.47019867549669
A,55,ASP,A,36,LYS,5.298013245033113
A,65,LYS,A,61,GLU,98.67549668874173
A,68,LYS,A,55,ASP,15.2317880794702
A,68,LYS,A,57,GLU,86.75496688741721
A,72,ASP,A,36,LYS,12.582781456953644
A,93,LYS,A,90,ASP,70.86092715231787
A,103,LYS,A,16,ASP,9.933774834437086
A,103,LYS,A,17,ASP,100.0
A,117,GLU,A,93,LYS,1.3245033112582782
A,120,ASP,A,93,LYS,70.86092715231787
A,132,ARG,A,125,GLU,15.2317880794702
A,133,ASP,A,132,ARG,1.9867549668874174
A,139,LYS,A,133,ASP,0.6622516556291391
A,139,LYS,A,135,GLU,58.94039735099338
A,150,SER,A,51,LYS,50.331125827814574
A,150,SER,A,146,ARG,0.6622516556291391
