cc_num,fulltrj,resampling0,resampling8,resampling4,resampling5,resampling7,resampling3,resampling6,resampling2,resampling1,resampling9,mean_resamplings,median_resamplings,min_resamplings,max_resamplings,std_resamplings,sem_resamplings
1,135,133,136,133,133,136,136,136,136,136,136,135.1,136.0,133,136,1.4491376746189437,0.45825756949558394
2,2,3,2,3,3,2,2,2,2,2,2,2.3,2.0,2,3,0.48304589153964794,0.15275252316519466
3,2,2,2,2,2,2,2,2,2,2,2,2.0,2.0,2,2,0.0,0.0
4,1,2,1,2,2,1,1,1,1,1,1,1.3,1.0,1,2,0.48304589153964794,0.15275252316519464
5,1,1,1,1,1,1,1,1,1,1,1,1.0,1.0,1,1,0.0,0.0
